id,first_name,last_name,email,gender,ip_address
1,Daryle,Vesty,dvesty0@joomla.org,Male,109.122.48.47
2,Mala,Togwell,mtogwell1@qq.com,Female,188.171.166.215
3,Marj,Ferrao,mferrao2@hibu.com,Female,27.152.187.122
4,Isak,Ouver,iouver3@china.com.cn,Male,164.248.128.159
5,Feliza,Karim,fkarim4@prnewswire.com,Female,146.202.200.146
6,Hanson,Ludy,hludy5@slate.com,Male,153.22.249.131
7,Serge,Frankcombe,sfrankcombe6@1und1.de,Male,123.188.170.208
8,Vivia,De Brett,vdebrett7@zdnet.com,Genderfluid,38.117.169.78
9,Nonna,Bradnocke,nbradnocke8@sourceforge.net,Female,12.147.190.162
10,Salome,Plowright,splowright9@flickr.com,Female,139.21.130.239
11,Ailyn,Peskin,apeskina@paginegialle.it,Genderqueer,24.121.142.7
12,Josiah,Poel,jpoelb@ehow.com,Male,129.157.221.74
13,Jaime,Duffrie,jduffriec@army.mil,Male,88.222.161.52
14,Wynn,Duinkerk,wduinkerkd@de.vu,Female,139.172.100.193
15,Opaline,Fedder,ofeddere@unesco.org,Female,2.119.126.55
16,Hilary,Hovie,hhovief@about.com,Male,61.6.170.148
17,Drew,Gurge,dgurgeg@sciencedaily.com,Male,191.187.64.202
18,Linnea,Shewry,lshewryh@tinypic.com,Female,30.24.150.108
19,Maurine,Stratley,mstratleyi@earthlink.net,Female,239.125.110.167
20,Rakel,Vertigan,rvertiganj@yellowbook.com,Female,98.40.132.154
21,Rebeka,Rayburn,rrayburnk@google.ca,Genderqueer,61.73.77.200
22,Arlyne,Coil,acoill@ucla.edu,Non-binary,245.138.240.143
23,Ancell,Presswell,apresswellm@woothemes.com,Male,150.212.137.82
24,Alida,Teaz,ateazn@sakura.ne.jp,Genderqueer,152.136.143.21
25,Kinsley,Hegge,kheggeo@cam.ac.uk,Male,209.181.43.236
26,Kipp,Linklet,klinkletp@fda.gov,Female,27.20.30.37
27,Cliff,Pymm,cpymmq@nih.gov,Male,73.155.229.49
28,Brendin,Kupker,bkupkerr@tiny.cc,Male,40.83.227.223
29,Marilin,Valti,mvaltis@usatoday.com,Female,146.88.128.56
30,Aloisia,Honig,ahonigt@toplist.cz,Female,90.30.197.99
31,Devlen,Fowgies,dfowgiesu@stanford.edu,Male,30.55.237.53
32,Zebedee,Ablott,zablottv@fastcompany.com,Male,149.104.73.164
33,Lynelle,Lecordier,llecordierw@nifty.com,Female,161.27.240.164
34,Beltran,Bullard,bbullardx@constantcontact.com,Male,0.110.217.89
35,Maisey,Tabourin,mtabouriny@marriott.com,Female,189.242.141.168
36,Osbourne,Brindle,obrindlez@51.la,Male,93.34.0.80
37,Ashleigh,Northeast,anortheast10@goo.gl,Polygender,253.246.224.13
38,Shoshanna,Kerins,skerins11@apache.org,Female,224.188.248.241
39,Trish,Wanklyn,twanklyn12@rediff.com,Female,109.4.239.197
40,Hakim,Wattingham,hwattingham13@seesaa.net,Male,252.84.62.253
41,Joseph,McIan,jmcian14@squarespace.com,Male,138.108.68.28
42,Ravi,Norcock,rnorcock15@cisco.com,Male,79.16.185.252
43,Thaddeus,Millan,tmillan16@gravatar.com,Male,70.94.45.140
44,Ravi,Leipelt,rleipelt17@geocities.com,Male,112.26.6.192
45,Giovanna,Topham,gtopham18@imageshack.us,Female,59.132.217.160
46,Daria,Mustill,dmustill19@sakura.ne.jp,Female,137.224.236.163
47,Bartie,Burgiss,bburgiss1a@storify.com,Male,173.55.204.247
48,Jerry,Ching,jching1b@yellowpages.com,Male,116.252.157.91
49,Larisa,Gulley,lgulley1c@senate.gov,Female,57.77.152.234
50,Kristal,Spellworth,kspellworth1d@amazon.co.uk,Female,121.108.215.63
51,Dyana,Sundin,dsundin1e@java.com,Female,171.15.137.101
52,Dur,Ingrey,dingrey1f@buzzfeed.com,Male,116.178.153.156
53,Hank,Guild,hguild1g@phoca.cz,Male,24.191.174.225
54,Elmore,Lancett,elancett1h@gmpg.org,Non-binary,157.28.251.106
55,Henka,Bounde,hbounde1i@microsoft.com,Female,69.68.6.9
56,Morry,Domengue,mdomengue1j@booking.com,Male,218.31.40.122
57,Mart,Frift,mfrift1k@kickstarter.com,Male,28.152.202.238
58,Lindsay,Rene,lrene1l@google.nl,Male,56.105.2.3
59,Kimbra,Ffrench,kffrench1m@livejournal.com,Female,179.15.183.80
60,Sidonnie,Couche,scouche1n@china.com.cn,Female,190.214.55.131
61,Vassily,Torbet,vtorbet1o@gizmodo.com,Male,175.219.35.61
62,Leo,Lownie,llownie1p@yellowbook.com,Male,45.83.105.150
63,Bailie,Nestoruk,bnestoruk1q@umich.edu,Male,40.63.231.74
64,Vittoria,Kennagh,vkennagh1r@surveymonkey.com,Female,130.235.240.184
65,Francesco,Wavish,fwavish1s@wikia.com,Male,104.219.205.215
66,Irvin,Venditti,ivenditti1t@state.gov,Male,14.215.165.184
67,Candie,Czaja,cczaja1u@mit.edu,Polygender,200.178.53.116
68,Ritchie,Dinesen,rdinesen1v@apple.com,Agender,187.143.50.72
69,Hana,Trask,htrask1w@mail.ru,Female,179.94.201.8
70,Nissy,Wherrit,nwherrit1x@irs.gov,Agender,150.3.8.176
71,Mattheus,Bourner,mbourner1y@bbc.co.uk,Male,183.59.95.33
72,Hana,Fidele,hfidele1z@taobao.com,Female,137.124.169.22
73,Waiter,Danielis,wdanielis20@bandcamp.com,Male,95.79.123.216
74,Kaylee,Francklin,kfrancklin21@usgs.gov,Female,115.235.33.134
75,Helenelizabeth,Tollemache,htollemache22@jugem.jp,Polygender,193.218.227.15
76,Charleen,Belliss,cbelliss23@mapy.cz,Female,129.239.223.235
77,Aura,Birney,abirney24@sina.com.cn,Female,169.146.232.240
78,Carmine,Galier,cgalier25@imgur.com,Male,47.183.150.162
79,Arni,Klasing,aklasing26@disqus.com,Male,138.177.106.80
80,Garek,Vinsen,gvinsen27@google.com.hk,Genderqueer,9.70.59.19
81,Bay,Padley,bpadley28@answers.com,Male,196.101.59.25
82,Loralie,Lobe,llobe29@salon.com,Female,27.225.101.3
83,Dawn,Rosel,drosel2a@irs.gov,Female,208.150.251.201
84,Craggy,Mozzetti,cmozzetti2b@instagram.com,Male,238.237.247.207
85,Russ,Roseaman,rroseaman2c@sun.com,Male,201.70.105.201
86,Kessia,Medland,kmedland2d@eventbrite.com,Female,145.22.54.96
87,Teddie,Rodmell,trodmell2e@t.co,Female,34.214.192.5
88,Major,Rubi,mrubi2f@acquirethisname.com,Male,199.28.135.141
89,Alaine,Gooda,agooda2g@com.com,Female,55.11.159.28
90,Wendall,Minghella,wminghella2h@parallels.com,Male,93.222.217.164
91,Barri,Trousdale,btrousdale2i@unicef.org,Male,127.131.102.168
92,Florinda,Meneux,fmeneux2j@free.fr,Female,98.10.57.2
93,Andrey,Melmeth,amelmeth2k@woothemes.com,Male,190.145.5.230
94,Washington,Byham,wbyham2l@earthlink.net,Male,168.153.22.9
95,Cazzie,Breeds,cbreeds2m@thetimes.co.uk,Male,162.124.106.205
96,Nickolaus,Quarless,nquarless2n@arizona.edu,Male,96.101.29.176
97,Anstice,Bowie,abowie2o@scientificamerican.com,Polygender,126.43.67.220
98,Dannie,Berk,dberk2p@4shared.com,Male,62.79.188.125
99,Imogen,Pancoast,ipancoast2q@house.gov,Bigender,6.24.51.227
100,Damara,Weekly,dweekly2r@pen.io,Female,55.74.114.164
101,North,Aronovich,naronovich2s@domainmarket.com,Male,5.164.46.157
102,Nelia,Jacobsson,njacobsson2t@squidoo.com,Female,226.210.11.236
103,Gretchen,Burditt,gburditt2u@cafepress.com,Female,64.33.139.44
104,Carney,Gooddie,cgooddie2v@hud.gov,Male,144.84.49.147
105,Shepherd,Waltering,swaltering2w@clickbank.net,Male,14.179.23.233
106,Dacia,Medina,dmedina2x@4shared.com,Female,222.235.67.42
107,Ayn,Egdell,aegdell2y@cyberchimps.com,Female,107.202.171.243
108,Charla,Josef,cjosef2z@wikimedia.org,Female,9.137.103.152
109,Somerset,Warby,swarby30@eventbrite.com,Male,30.225.0.10
110,Trevor,Reitenbach,treitenbach31@deviantart.com,Male,24.230.49.80
111,Gerardo,Beernaert,gbeernaert32@newsvine.com,Male,124.62.180.45
112,Cathie,Beale,cbeale33@friendfeed.com,Female,228.190.143.243
113,Calla,Thurlborn,cthurlborn34@miibeian.gov.cn,Female,235.134.235.78
114,Pascal,Couth,pcouth35@google.ca,Male,177.59.210.221
115,Brana,Alstead,balstead36@google.com,Female,253.35.96.83
116,Barde,Sidaway,bsidaway37@github.io,Male,143.219.161.50
117,Nelie,Densell,ndensell38@blogspot.com,Female,119.82.209.71
118,Staffard,Stoggell,sstoggell39@gov.uk,Male,42.9.146.200
119,Gisela,Kenney,gkenney3a@wix.com,Polygender,123.84.10.113
120,Pavla,Jakeway,pjakeway3b@freewebs.com,Female,242.165.49.117
121,Papagena,Brave,pbrave3c@parallels.com,Female,85.205.210.167
122,Emlyn,MacLice,emaclice3d@fc2.com,Female,100.128.7.227
123,Loraine,Killford,lkillford3e@delicious.com,Female,126.205.252.22
124,Ingelbert,Mothersdale,imothersdale3f@pcworld.com,Male,63.108.252.53
125,Madeleine,Rosbrough,mrosbrough3g@princeton.edu,Female,225.212.181.13
126,Richie,Woodruffe,rwoodruffe3h@huffingtonpost.com,Male,15.51.91.4
127,Cletis,Betteridge,cbetteridge3i@princeton.edu,Male,231.110.85.59
128,Malvin,Lamartine,mlamartine3j@cbsnews.com,Male,196.2.126.121
129,Elden,Lauga,elauga3k@trellian.com,Agender,237.130.179.30
130,Ally,Wooton,awooton3l@tiny.cc,Female,219.175.198.172
131,Erv,Gaishson,egaishson3m@weibo.com,Male,224.1.179.82
132,Jay,Suche,jsuche3n@hp.com,Male,232.110.105.109
133,Hill,Serridge,hserridge3o@stanford.edu,Male,62.27.19.204
134,Errick,Shannahan,eshannahan3p@smugmug.com,Male,180.163.119.12
135,Reynolds,Stollman,rstollman3q@tiny.cc,Male,66.105.80.166
136,Elvira,Broxholme,ebroxholme3r@comsenz.com,Female,51.29.31.245
137,Shirlee,Sebring,ssebring3s@java.com,Female,100.164.234.191
138,Lorettalorna,Benaine,lbenaine3t@prweb.com,Female,26.163.207.248
139,Marijn,Leavey,mleavey3u@mayoclinic.com,Male,27.104.185.86
140,Barbabra,Kirvell,bkirvell3v@netlog.com,Female,27.243.82.69
141,Gerhardine,Melpuss,gmelpuss3w@quantcast.com,Female,249.220.151.59
142,Kalie,Hundell,khundell3x@statcounter.com,Female,192.235.24.78
143,Lincoln,Wettern,lwettern3y@cbslocal.com,Male,23.168.7.87
144,Adel,Limon,alimon3z@google.com.br,Female,96.102.56.138
145,Edwin,Frost,efrost40@mail.ru,Male,71.53.45.254
146,Jemimah,Astin,jastin41@deliciousdays.com,Female,27.140.165.2
147,Novelia,Savaage,nsavaage42@domainmarket.com,Female,99.218.143.5
148,Farris,Sharma,fsharma43@icq.com,Male,0.29.177.153
149,Dene,Dougliss,ddougliss44@friendfeed.com,Male,143.77.36.163
150,Magnum,Hawksworth,mhawksworth45@newyorker.com,Male,61.163.91.34
151,Donal,Terran,dterran46@mac.com,Male,24.97.128.153
152,Eolande,Worters,eworters47@bloglines.com,Female,135.77.255.127
153,Zorah,Worley,zworley48@alibaba.com,Female,82.168.149.33
154,Pepita,Hutfield,phutfield49@spiegel.de,Female,136.206.234.37
155,Aimil,Helm,ahelm4a@sakura.ne.jp,Female,183.0.216.171
156,Anna-diana,Hedderly,ahedderly4b@globo.com,Female,241.202.157.71
157,Izak,Rapkins,irapkins4c@devhub.com,Male,35.124.244.224
158,Kalvin,Simpson,ksimpson4d@archive.org,Male,141.30.241.100
159,Georgi,Hazelgrove,ghazelgrove4e@thetimes.co.uk,Male,203.248.1.116
160,Dotti,Cansdale,dcansdale4f@sakura.ne.jp,Female,131.123.87.216
161,Dorothee,Birkenshaw,dbirkenshaw4g@icq.com,Female,137.120.174.153
162,Christyna,Copozio,ccopozio4h@slashdot.org,Female,37.228.31.131
163,Angelina,Elham,aelham4i@nasa.gov,Female,31.65.185.22
164,Robb,McCullouch,rmccullouch4j@narod.ru,Male,204.215.204.247
165,Dud,Huggons,dhuggons4k@ft.com,Agender,159.15.133.247
166,Jere,Bark,jbark4l@mashable.com,Male,12.193.18.46
167,Tiffany,Tudball,ttudball4m@posterous.com,Female,163.79.217.151
168,Adham,Myott,amyott4n@macromedia.com,Male,94.74.209.76
169,Kippie,Wadelin,kwadelin4o@linkedin.com,Male,125.143.169.43
170,Tremaine,Juschke,tjuschke4p@bluehost.com,Male,211.24.8.106
171,Jessamine,Lawrenz,jlawrenz4q@blogger.com,Female,10.66.76.3
172,Kalinda,Steeples,ksteeples4r@businessweek.com,Female,38.116.86.13
173,Sib,Muggeridge,smuggeridge4s@engadget.com,Female,83.72.166.121
174,Brigitta,Gillet,bgillet4t@goo.ne.jp,Female,125.83.63.182
175,Wernher,Piddletown,wpiddletown4u@senate.gov,Male,236.37.141.147
176,Terra,Forshaw,tforshaw4v@so-net.ne.jp,Female,19.155.208.16
177,Eziechiele,Drayton,edrayton4w@hc360.com,Male,118.117.79.37
178,Ashely,Schrieves,aschrieves4x@qq.com,Polygender,216.183.62.83
179,Liz,Senton,lsenton4y@instagram.com,Female,197.183.153.24
180,Hatti,Brownill,hbrownill4z@macromedia.com,Female,173.209.33.25
181,Rosita,Horsfield,rhorsfield50@thetimes.co.uk,Female,32.58.57.43
182,Cathleen,Josilowski,cjosilowski51@va.gov,Female,247.117.203.100
183,Aldin,Fenck,afenck52@amazon.co.jp,Male,186.225.137.116
184,Madlin,Fryd,mfryd53@loc.gov,Female,239.200.250.131
185,Margaretta,Schimonek,mschimonek54@noaa.gov,Female,158.71.190.122
186,Riki,Woodroofe,rwoodroofe55@illinois.edu,Female,60.216.186.165
187,Kristina,Skeel,kskeel56@nba.com,Female,21.78.243.33
188,Fonz,Ouldcott,fouldcott57@unc.edu,Male,251.193.166.216
189,Aguistin,Malenoir,amalenoir58@bandcamp.com,Male,235.196.69.71
190,Benedicto,Washbrook,bwashbrook59@edublogs.org,Male,161.10.206.31
191,Tansy,Dymoke,tdymoke5a@japanpost.jp,Female,234.44.139.215
192,Zaneta,Blyde,zblyde5b@time.com,Female,137.95.37.97
193,Marjy,Marchenko,mmarchenko5c@simplemachines.org,Female,207.228.200.153
194,Elinor,Ayer,eayer5d@mashable.com,Female,59.18.47.209
195,Eleonora,Poe,epoe5e@craigslist.org,Female,192.14.19.47
196,Zak,Bugdale,zbugdale5f@youku.com,Male,42.216.232.216
197,Stavro,Bysouth,sbysouth5g@theglobeandmail.com,Male,210.149.6.20
198,Early,Scotchmur,escotchmur5h@va.gov,Male,29.233.174.191
199,Devin,Ditt,dditt5i@livejournal.com,Female,1.222.212.53
200,Annadiane,Baldree,abaldree5j@vk.com,Female,188.100.189.106
201,Berton,Witter,bwitter5k@admin.ch,Male,30.162.193.64
202,Frederik,Count,fcount5l@diigo.com,Male,97.251.67.192
203,Innis,Genny,igenny5m@fema.gov,Non-binary,194.196.160.151
204,Wilmette,Bougourd,wbougourd5n@ox.ac.uk,Female,115.226.186.11
205,Norine,Cradduck,ncradduck5o@gravatar.com,Female,30.162.46.166
206,Forest,Littlejohn,flittlejohn5p@addtoany.com,Non-binary,46.221.33.112
207,Zsazsa,Renney,zrenney5q@wunderground.com,Female,223.248.254.42
208,Alethea,Dauncey,adauncey5r@freewebs.com,Female,178.153.88.16
209,Sylvia,Kupker,skupker5s@si.edu,Female,143.170.124.106
210,Barbette,Dudill,bdudill5t@tuttocitta.it,Female,150.135.65.81
211,Keene,Tuffrey,ktuffrey5u@typepad.com,Agender,66.229.198.226
212,Gwenette,McGaughey,gmcgaughey5v@meetup.com,Female,234.230.43.56
213,Kane,Delyth,kdelyth5w@nifty.com,Male,149.224.73.49
214,Alfy,Marden,amarden5x@mapquest.com,Male,115.148.197.175
215,Griswold,Dyka,gdyka5y@flavors.me,Male,102.110.4.188
216,Chelsy,Capron,ccapron5z@si.edu,Female,32.181.143.23
217,Sinclare,Jagielski,sjagielski60@amazon.com,Male,152.87.158.188
218,Kial,Ryton,kryton61@ebay.co.uk,Polygender,219.74.237.13
219,Brendis,Busen,bbusen62@typepad.com,Male,73.189.20.60
220,Nealon,Gregan,ngregan63@soup.io,Male,211.108.253.77
221,Beverlie,Pinock,bpinock64@soundcloud.com,Bigender,176.185.12.196
222,Larina,Surman,lsurman65@xrea.com,Female,236.163.172.63
223,Madalena,Ford,mford66@tinyurl.com,Female,229.54.129.86
224,Sabina,Sives,ssives67@cornell.edu,Female,247.29.241.183
225,Davine,Ledur,dledur68@live.com,Female,119.2.120.23
226,Wilow,Pues,wpues69@paginegialle.it,Female,112.104.18.113
227,Nye,Yarrington,nyarrington6a@archive.org,Male,99.41.133.176
228,Spense,Gayle,sgayle6b@yale.edu,Male,95.215.85.89
229,Kincaid,Bott,kbott6c@telegraph.co.uk,Male,255.143.193.44
230,Hi,Hail,hhail6d@sitemeter.com,Male,152.205.101.213
231,Rosemonde,Saywell,rsaywell6e@timesonline.co.uk,Female,57.239.121.129
232,Phyllis,Flay,pflay6f@newyorker.com,Bigender,0.168.217.106
233,Kelvin,Potebury,kpotebury6g@netscape.com,Male,108.163.173.54
234,Arabelle,MacCorley,amaccorley6h@sogou.com,Female,93.24.8.165
235,Kaitlin,Bly,kbly6i@webs.com,Female,10.125.239.198
236,Rolando,McLarty,rmclarty6j@pen.io,Male,178.7.247.8
237,Elbertina,Rhead,erhead6k@1688.com,Agender,76.27.90.30
238,Phoebe,Grute,pgrute6l@qq.com,Female,52.235.61.233
239,Julio,Stampfer,jstampfer6m@opera.com,Male,138.73.77.72
240,Easter,Armistead,earmistead6n@indiegogo.com,Female,65.167.150.187
241,Stanwood,Schukert,sschukert6o@discovery.com,Male,37.67.142.0
242,Bree,Cesaric,bcesaric6p@nasa.gov,Female,161.252.43.9
243,Fredia,Kayser,fkayser6q@amazonaws.com,Female,194.14.143.130
244,Krissy,Balaisot,kbalaisot6r@illinois.edu,Female,16.240.173.18
245,Rancell,Lindelof,rlindelof6s@nytimes.com,Male,19.11.15.5
246,Garvin,Milthorpe,gmilthorpe6t@hatena.ne.jp,Bigender,148.9.127.240
247,Skelly,Grainger,sgrainger6u@marketwatch.com,Male,151.108.159.21
248,Cort,Codman,ccodman6v@bloomberg.com,Male,119.162.193.105
249,Nisse,Bruyns,nbruyns6w@hp.com,Female,41.50.206.111
250,Sofia,Chisolm,schisolm6x@free.fr,Female,4.140.15.221
251,Gasper,Prater,gprater6y@webs.com,Male,45.89.214.154
252,Ilario,MacDiarmid,imacdiarmid6z@xrea.com,Male,183.32.143.57
253,Sibbie,Dood,sdood70@nationalgeographic.com,Female,157.211.129.83
254,Kevan,Cosbey,kcosbey71@smugmug.com,Male,165.30.69.19
255,Vidovik,McGauhy,vmcgauhy72@pbs.org,Male,238.51.196.31
256,Felice,Flukes,fflukes73@trellian.com,Male,205.193.50.10
257,Bern,Hintze,bhintze74@gizmodo.com,Male,100.227.2.60
258,Harwell,Eltone,heltone75@google.de,Male,1.161.47.33
259,Demeter,Kite,dkite76@feedburner.com,Female,177.180.12.91
260,Tiphani,Dahlman,tdahlman77@imageshack.us,Female,141.50.123.214
261,Noam,Comoletti,ncomoletti78@odnoklassniki.ru,Male,194.22.86.193
262,Regen,Pesak,rpesak79@home.pl,Male,140.144.192.1
263,Dylan,Tapenden,dtapenden7a@nhs.uk,Male,227.115.132.68
264,Hazel,Lacasa,hlacasa7b@plala.or.jp,Male,128.255.35.134
265,Weston,Outlaw,woutlaw7c@va.gov,Male,146.157.77.41
266,Lory,Parysowna,lparysowna7d@yelp.com,Female,170.112.94.99
267,Demetris,Hartridge,dhartridge7e@etsy.com,Male,97.207.94.189
268,Ingaborg,Davidek,idavidek7f@noaa.gov,Bigender,199.10.45.203
269,Bondon,Chopy,bchopy7g@gmpg.org,Bigender,86.198.111.69
270,Karleen,Swadlen,kswadlen7h@npr.org,Female,66.9.84.7
271,Fulton,Treves,ftreves7i@timesonline.co.uk,Male,128.206.195.155
272,Bing,Flasby,bflasby7j@fc2.com,Male,89.18.10.175
273,Erinn,Nolli,enolli7k@chicagotribune.com,Female,217.187.60.239
274,Julianna,Grinnov,jgrinnov7l@yandex.ru,Female,229.200.130.94
275,Sonny,Bradick,sbradick7m@addtoany.com,Male,190.244.163.89
276,Dodie,McGragh,dmcgragh7n@pcworld.com,Female,82.206.18.17
277,Ole,Sowerby,osowerby7o@ameblo.jp,Male,178.13.79.74
278,Robb,Doy,rdoy7p@toplist.cz,Male,77.135.191.155
279,Giuseppe,Edser,gedser7q@youtube.com,Male,101.145.36.251
280,Alf,Munns,amunns7r@loc.gov,Male,121.93.93.90
281,Juli,Ranns,jranns7s@china.com.cn,Female,14.136.77.63
282,Michelina,Paladino,mpaladino7t@google.com.hk,Female,31.24.183.50
283,Kellia,Cutts,kcutts7u@apache.org,Female,151.116.32.78
284,Barnett,Grenshiels,bgrenshiels7v@ox.ac.uk,Male,246.107.119.160
285,Florette,Butt,fbutt7w@nhs.uk,Female,125.192.207.27
286,Mae,Swanton,mswanton7x@tmall.com,Female,69.78.38.186
287,Rafael,Finlayson,rfinlayson7y@ocn.ne.jp,Male,40.45.5.3
288,Georgette,Fenning,gfenning7z@hao123.com,Female,154.213.48.61
289,Brew,Fortnum,bfortnum80@wix.com,Male,198.13.155.186
290,Norma,Bradshaw,nbradshaw81@scientificamerican.com,Female,158.110.41.137
291,Shana,Ostick,sostick82@g.co,Female,64.61.228.236
292,Lorianne,Rodda,lrodda83@blogger.com,Female,145.136.106.129
293,Shellysheldon,Daveran,sdaveran84@wsj.com,Male,25.130.88.89
294,Kev,Mynett,kmynett85@google.com.br,Male,158.71.152.70
295,Kynthia,Tace,ktace86@rambler.ru,Female,45.123.94.144
296,Allegra,Cristofor,acristofor87@tmall.com,Female,132.177.85.128
297,Sheree,Moors,smoors88@yahoo.co.jp,Female,242.203.77.120
298,Savina,Dorian,sdorian89@feedburner.com,Female,96.146.154.115
299,Abraham,Falls,afalls8a@alibaba.com,Male,23.217.55.165
300,Berk,Naul,bnaul8b@epa.gov,Bigender,76.172.139.113
301,Orlan,McLaren,omclaren8c@zdnet.com,Male,250.129.85.158
302,Jacenta,Swindle,jswindle8d@360.cn,Bigender,168.246.63.235
303,Gualterio,Asbrey,gasbrey8e@facebook.com,Male,20.199.200.109
304,Garrek,Collopy,gcollopy8f@mozilla.com,Male,108.115.245.100
305,Ricki,Morfey,rmorfey8g@about.me,Male,120.23.5.123
306,Zack,de Clerk,zdeclerk8h@rambler.ru,Male,180.51.65.196
307,Jesse,Noriega,jnoriega8i@skype.com,Female,14.248.191.119
308,Barde,Petroff,bpetroff8j@fema.gov,Genderfluid,102.112.100.173
309,Mommy,Culmer,mculmer8k@pbs.org,Female,54.197.94.195
310,Fredericka,Leddie,fleddie8l@go.com,Female,172.225.69.57
311,Jerald,Baskeyfied,jbaskeyfied8m@noaa.gov,Male,230.3.80.236
312,Demetris,Plank,dplank8n@mediafire.com,Female,255.87.109.39
313,Crosby,Garken,cgarken8o@redcross.org,Male,202.79.210.44
314,Julissa,Filippone,jfilippone8p@icio.us,Female,39.160.50.228
315,Giralda,Burdekin,gburdekin8q@ovh.net,Female,85.14.24.13
316,Frasquito,Skylett,fskylett8r@go.com,Male,40.96.25.68
317,Reagen,Powner,rpowner8s@google.co.uk,Male,187.41.21.92
318,Horten,Bridell,hbridell8t@paypal.com,Male,192.3.224.51
319,Minerva,Marjot,mmarjot8u@homestead.com,Female,239.251.35.183
320,Cly,Billsberry,cbillsberry8v@earthlink.net,Male,213.125.29.56
321,Kizzie,Deedes,kdeedes8w@live.com,Female,213.62.194.89
322,Claude,Gronowe,cgronowe8x@oaic.gov.au,Female,229.65.188.13
323,Pearce,Stride,pstride8y@imageshack.us,Male,86.172.84.147
324,Johannah,Goodfield,jgoodfield8z@yahoo.co.jp,Female,97.94.115.79
325,Layney,Veighey,lveighey90@google.com.br,Agender,137.65.63.47
326,Charles,Danilenko,cdanilenko91@paginegialle.it,Male,205.204.174.202
327,Kristopher,Gudd,kgudd92@tinypic.com,Male,77.107.57.69
328,Ted,Fosbraey,tfosbraey93@ebay.co.uk,Female,191.206.73.56
329,Casey,Spieght,cspieght94@uol.com.br,Male,199.210.171.121
330,Nissa,Jeskins,njeskins95@ebay.co.uk,Female,163.17.51.92
331,Alf,MacGiolla Pheadair,amacgiollapheadair96@hibu.com,Male,198.71.14.88
332,Diane-marie,Bennetts,dbennetts97@irs.gov,Agender,111.199.213.4
333,Evie,Gladdish,egladdish98@free.fr,Female,199.221.177.11
334,Jordanna,Jupe,jjupe99@gmpg.org,Female,184.245.180.44
335,Gard,Fance,gfance9a@mozilla.org,Male,98.49.6.247
336,Worden,Dowzell,wdowzell9b@wikispaces.com,Male,151.144.80.31
337,Toby,Rodell,trodell9c@aboutads.info,Male,155.233.8.235
338,Rafael,Menier,rmenier9d@liveinternet.ru,Male,154.43.117.99
339,Mar,Padbury,mpadbury9e@1688.com,Male,180.208.249.143
340,Melonie,Fritz,mfritz9f@slashdot.org,Female,121.28.6.85
341,Adan,Rallin,arallin9g@bandcamp.com,Male,246.158.222.151
342,Dorothea,Tyght,dtyght9h@msu.edu,Female,103.77.107.151
343,Lannie,Predohl,lpredohl9i@pagesperso-orange.fr,Male,207.96.96.198
344,Gerta,O'Clery,goclery9j@parallels.com,Female,132.112.16.87
345,Marja,Hodjetts,mhodjetts9k@google.ru,Female,124.217.197.199
346,Bail,Andreaccio,bandreaccio9l@1und1.de,Male,131.141.48.6
347,Minerva,Dorant,mdorant9m@redcross.org,Agender,144.184.12.233
348,Ignace,Phillcock,iphillcock9n@51.la,Male,85.0.208.230
349,Raychel,Gheeraert,rgheeraert9o@xinhuanet.com,Female,99.50.160.213
350,Deina,Sutherby,dsutherby9p@behance.net,Female,6.75.100.49
351,Davine,Carlan,dcarlan9q@linkedin.com,Female,19.234.81.164
352,Noreen,Borgnet,nborgnet9r@intel.com,Female,98.90.219.82
353,Harriett,Coverdill,hcoverdill9s@surveymonkey.com,Female,251.206.71.33
354,Gilligan,Forsdyke,gforsdyke9t@pinterest.com,Female,64.55.98.68
355,Creight,Napoleone,cnapoleone9u@europa.eu,Male,250.202.232.191
356,Clareta,Stegell,cstegell9v@umn.edu,Female,242.143.98.233
357,Chrissy,Kincey,ckincey9w@t-online.de,Male,72.245.89.73
358,Florie,Cashell,fcashell9x@facebook.com,Female,221.35.170.242
359,Georgie,Scriviner,gscriviner9y@bravesites.com,Female,251.165.124.151
360,Claudell,Barltrop,cbarltrop9z@privacy.gov.au,Male,39.168.2.64
361,Emilia,Carden,ecardena0@ifeng.com,Female,126.12.55.225
362,Mackenzie,Lamminam,mlamminama1@nyu.edu,Male,89.139.128.9
363,Whittaker,Petrelluzzi,wpetrelluzzia2@amazon.com,Male,174.228.57.198
364,Garrett,O'Doohaine,godoohainea3@go.com,Male,150.52.227.46
365,Edythe,Lynd,elynda4@reddit.com,Female,66.135.96.20
366,Glen,Milesop,gmilesopa5@skyrock.com,Female,169.62.147.15
367,Matty,Rawsen,mrawsena6@webmd.com,Male,182.63.158.172
368,Tabor,Marmon,tmarmona7@arizona.edu,Male,70.103.253.117
369,Berte,Pottinger,bpottingera8@icq.com,Female,210.139.111.24
370,Roseanna,Harlow,rharlowa9@sfgate.com,Bigender,102.54.156.104
371,Dore,Wield,dwieldaa@comcast.net,Genderqueer,237.223.192.117
372,Talya,Giacomelli,tgiacomelliab@xinhuanet.com,Female,246.167.154.41
373,Olwen,Collyear,ocollyearac@geocities.com,Female,227.231.219.170
374,Olympie,Harvie,oharviead@simplemachines.org,Female,67.230.210.180
375,Tuckie,Dorrance,tdorranceae@gnu.org,Male,35.2.139.230
376,Arturo,McGuffie,amcguffieaf@soundcloud.com,Male,212.105.73.38
377,Querida,Kalberer,qkalbererag@feedburner.com,Female,167.93.196.206
378,Randy,Garric,rgarricah@ow.ly,Male,123.58.127.113
379,Alfonso,Higgonet,ahiggonetai@yolasite.com,Male,55.233.56.217
380,Tannie,Kernar,tkernaraj@tripod.com,Male,119.89.36.193
381,Evelyn,Dubarry,edubarryak@gmpg.org,Male,146.45.228.121
382,Fowler,Persicke,fpersickeal@bloglines.com,Male,157.49.99.233
383,Bartolemo,Lorinez,blorinezam@hp.com,Male,197.102.194.212
384,Winifred,Skentelbury,wskentelburyan@furl.net,Genderfluid,32.18.2.127
385,Rozele,Bettinson,rbettinsonao@nasa.gov,Female,243.201.47.230
386,Hy,Simonnet,hsimonnetap@behance.net,Male,236.170.179.142
387,Rickard,Peevor,rpeevoraq@state.tx.us,Male,190.225.184.118
388,Osbourn,Megroff,omegroffar@xinhuanet.com,Male,35.182.184.67
389,Jacquie,Crankshaw,jcrankshawas@ameblo.jp,Female,171.204.170.43
390,Roosevelt,Trawin,rtrawinat@google.pl,Male,65.181.232.99
391,Gray,Summerly,gsummerlyau@weibo.com,Non-binary,230.178.104.90
392,Any,Lightbody,alightbodyav@oaic.gov.au,Male,126.104.141.237
393,Donalt,Becks,dbecksaw@ft.com,Male,80.230.181.229
394,Mortie,Ungerechts,mungerechtsax@surveymonkey.com,Male,202.171.62.164
395,Nettie,Stiven,nstivenay@google.com.au,Female,18.99.154.106
396,Friedrick,Belt,fbeltaz@yale.edu,Male,155.60.63.39
397,Morty,Chesman,mchesmanb0@ft.com,Male,150.14.35.105
398,Antonio,Peagrim,apeagrimb1@dion.ne.jp,Male,135.165.155.253
399,Kyle,Lidington,klidingtonb2@wired.com,Male,175.246.29.65
400,Avictor,Bucham,abuchamb3@domainmarket.com,Male,105.184.189.142
401,Sheba,Patience,spatienceb4@hao123.com,Female,129.226.180.98
402,Blaine,Brasseur,bbrasseurb5@samsung.com,Male,68.70.203.64
403,Charlotte,Kelcey,ckelceyb6@addthis.com,Female,61.245.85.93
404,Knox,Doughartie,kdoughartieb7@cocolog-nifty.com,Male,251.48.80.129
405,Caralie,Fullilove,cfulliloveb8@deviantart.com,Female,108.25.222.144
406,Lemar,Christaeas,lchristaeasb9@google.ca,Male,64.10.3.238
407,Tressa,Beldum,tbeldumba@va.gov,Female,135.118.59.25
408,Dani,Probets,dprobetsbb@who.int,Male,104.58.88.62
409,Albert,Tasch,ataschbc@sogou.com,Male,74.237.211.182
410,Alix,Theseira,atheseirabd@timesonline.co.uk,Male,122.227.225.172
411,Auberta,Burrows,aburrowsbe@mashable.com,Female,41.7.64.191
412,Susi,Gresley,sgresleybf@altervista.org,Female,247.54.15.86
413,Vanni,Reardon,vreardonbg@twitpic.com,Female,126.161.199.167
414,Raleigh,Bresner,rbresnerbh@yolasite.com,Genderfluid,244.156.231.250
415,Redd,Stuttard,rstuttardbi@nsw.gov.au,Male,232.196.132.203
416,Cally,Nyssen,cnyssenbj@bloglovin.com,Female,61.104.119.81
417,Glennis,Dunthorn,gdunthornbk@si.edu,Female,208.228.154.82
418,Aindrea,McNeil,amcneilbl@stumbleupon.com,Bigender,174.35.25.55
419,Berton,Schust,bschustbm@biblegateway.com,Male,180.251.165.48
420,Hodge,Allinson,hallinsonbn@bigcartel.com,Male,14.48.63.137
421,Shelagh,Darley,sdarleybo@cornell.edu,Female,140.228.130.50
422,Legra,Hewell,lhewellbp@mapquest.com,Genderqueer,53.95.247.224
423,Thom,Hoggan,thogganbq@networkadvertising.org,Male,28.205.100.240
424,Maje,McCambrois,mmccambroisbr@mozilla.org,Male,1.110.114.96
425,Sigfrid,Cosans,scosansbs@cargocollective.com,Male,171.33.93.107
426,Pierson,Gibbs,pgibbsbt@chicagotribune.com,Male,238.17.62.148
427,Zelda,Grouen,zgrouenbu@jimdo.com,Female,254.3.37.151
428,Carlyn,Meece,cmeecebv@newsvine.com,Female,213.47.252.99
429,Cecilia,Thurlow,cthurlowbw@constantcontact.com,Female,66.73.118.230
430,Obie,Haselwood,ohaselwoodbx@illinois.edu,Male,65.118.117.100
431,Caleb,Hakonsson,chakonssonby@deliciousdays.com,Male,234.70.244.165
432,Eli,Pipes,epipesbz@umich.edu,Male,217.23.194.192
433,Natalie,Addie,naddiec0@eepurl.com,Female,211.189.222.74
434,Simeon,Espie,sespiec1@hao123.com,Male,207.114.248.180
435,Teodoro,Archbald,tarchbaldc2@mail.ru,Male,36.46.183.26
436,Hendrik,Alejandri,halejandric3@ask.com,Male,112.90.197.82
437,Ardella,Joubert,ajoubertc4@shop-pro.jp,Genderfluid,43.85.4.155
438,Eddy,Stratley,estratleyc5@nbcnews.com,Female,7.189.33.80
439,Cal,Fittes,cfittesc6@pen.io,Genderqueer,220.26.48.159
440,Sarene,Natwick,snatwickc7@nymag.com,Female,114.202.67.155
441,Krystle,Sore,ksorec8@nifty.com,Female,238.108.63.229
442,Sheff,Jime,sjimec9@vkontakte.ru,Male,232.48.64.222
443,Hermy,Wilbore,hwilboreca@macromedia.com,Male,139.252.241.132
444,Temp,Kliment,tklimentcb@comcast.net,Male,79.206.192.25
445,Hewett,Bromfield,hbromfieldcc@godaddy.com,Male,2.163.63.76
446,Johna,Thunder,jthundercd@wordpress.org,Female,76.163.83.109
447,Katrina,McQuin,kmcquince@studiopress.com,Female,24.188.5.56
448,Elly,Rendbaek,erendbaekcf@yahoo.com,Female,104.160.155.116
449,Denny,Adolf,dadolfcg@xing.com,Genderqueer,65.129.6.147
450,Pam,Bortolini,pbortolinich@mtv.com,Female,31.19.231.37
451,Franny,Franciotti,ffranciottici@posterous.com,Female,62.218.106.82
452,Jeremie,Croxall,jcroxallcj@businesswire.com,Non-binary,88.139.36.77
453,Nani,Limer,nlimerck@wufoo.com,Female,146.117.242.169
454,Cindy,Doleman,cdolemancl@google.cn,Female,210.237.133.147
455,Josephina,Wile,jwilecm@bigcartel.com,Female,90.70.130.120
456,Siffre,Phillimore,sphillimorecn@gizmodo.com,Male,8.74.183.219
457,Gorden,Garretts,ggarrettsco@uol.com.br,Male,69.215.102.59
458,Edie,Allcroft,eallcroftcp@constantcontact.com,Polygender,160.3.79.4
459,Shay,Matt,smattcq@howstuffworks.com,Male,172.253.162.174
460,Jeramie,Suggitt,jsuggittcr@ucoz.com,Male,108.55.216.83
461,Liana,Kitchinham,lkitchinhamcs@elegantthemes.com,Female,205.250.228.141
462,Augustine,O'Shields,aoshieldsct@skyrock.com,Female,229.74.154.113
463,Rina,Assel,rasselcu@unesco.org,Female,58.171.187.41
464,Brandais,Camelia,bcameliacv@pagesperso-orange.fr,Female,164.8.20.172
465,Bertha,Chaudhry,bchaudhrycw@umn.edu,Female,59.94.240.240
466,Lanette,Dickenson,ldickensoncx@sciencedirect.com,Female,36.222.158.90
467,Arliene,McCurtin,amccurtincy@home.pl,Female,7.73.205.56
468,Wilmer,Prosch,wproschcz@cafepress.com,Male,60.141.4.215
469,Jacenta,Blundon,jblundond0@elpais.com,Female,33.15.52.173
470,Cody,Orth,corthd1@4shared.com,Female,226.99.190.61
471,Patrice,Renad,prenadd2@w3.org,Female,237.145.200.171
472,Amelita,Likly,aliklyd3@livejournal.com,Female,71.246.229.178
473,Terrence,Standfield,tstandfieldd4@deliciousdays.com,Male,29.79.48.211
474,Dickie,Pointon,dpointond5@virginia.edu,Male,92.72.37.181
475,Doralynn,Gaenor,dgaenord6@flavors.me,Female,125.165.185.192
476,Felipe,Turrell,fturrelld7@sbwire.com,Male,217.174.74.53
477,Zaria,Gingel,zgingeld8@miitbeian.gov.cn,Female,137.1.66.105
478,Kingsly,Collyer,kcollyerd9@nytimes.com,Male,131.122.106.107
479,Damien,Bannester,dbannesterda@imgur.com,Male,171.7.119.255
480,Lorita,Franciotti,lfranciottidb@symantec.com,Female,151.93.210.221
481,Aura,Spofforth,aspofforthdc@stanford.edu,Female,243.93.237.64
482,Karl,Pulteneye,kpulteneyedd@delicious.com,Male,23.186.142.182
483,Araldo,Mintoff,amintoffde@pagesperso-orange.fr,Male,173.225.20.84
484,Gifford,Fansy,gfansydf@bigcartel.com,Male,184.206.172.148
485,Ellerey,Glentworth,eglentworthdg@princeton.edu,Male,59.27.172.43
486,Tamma,Skae,tskaedh@odnoklassniki.ru,Female,44.34.136.145
487,Shandra,MacCall,smaccalldi@meetup.com,Female,56.157.83.120
488,Louie,Cridge,lcridgedj@yelp.com,Male,92.207.137.41
489,Martyn,Norker,mnorkerdk@marketwatch.com,Male,174.209.185.1
490,Skylar,Fall,sfalldl@yelp.com,Male,91.1.49.134
491,Milli,Vasichev,mvasichevdm@pen.io,Female,112.124.134.104
492,Maxie,Pruckner,mprucknerdn@discovery.com,Genderqueer,175.93.184.79
493,Ernie,Rimell,erimelldo@t.co,Male,175.202.239.177
494,Alejandra,Laraway,alarawaydp@scientificamerican.com,Female,174.189.137.63
495,Garfield,Duesberry,gduesberrydq@constantcontact.com,Male,140.13.166.121
496,Cesare,Brearley,cbrearleydr@cornell.edu,Male,34.176.13.133
497,Lancelot,Brockett,lbrockettds@issuu.com,Male,137.165.172.82
498,Pandora,Colbrun,pcolbrundt@shop-pro.jp,Female,152.172.162.33
499,Roch,Lamden,rlamdendu@nba.com,Non-binary,59.126.3.24
500,Dode,Donoghue,ddonoghuedv@theatlantic.com,Female,180.47.55.144
501,Traver,Laville,tlavilledw@woothemes.com,Male,143.204.107.31
502,Peter,Craigheid,pcraigheiddx@sbwire.com,Male,225.117.254.127
503,Chrysler,Dacca,cdaccady@tumblr.com,Female,176.90.240.2
504,Elizabet,Tipping,etippingdz@twitter.com,Female,24.11.153.166
505,Joletta,Jehan,jjehane0@usnews.com,Female,251.109.40.134
506,Kiele,Corbitt,kcorbitte1@behance.net,Female,203.153.20.0
507,Ronalda,Barbosa,rbarbosae2@devhub.com,Female,235.67.206.108
508,Tamra,Dolby,tdolbye3@livejournal.com,Female,134.89.16.20
509,Franzen,Hatherleigh,fhatherleighe4@spiegel.de,Genderqueer,116.22.99.28
510,Mirabel,Greneham,mgrenehame5@elegantthemes.com,Female,192.98.20.194
511,Reinaldos,Devorill,rdevorille6@storify.com,Male,127.47.128.122
512,Justus,Costelloe,jcostelloee7@netlog.com,Male,173.181.149.114
513,Kathlin,Cunde,kcundee8@bloglovin.com,Female,190.91.142.12
514,Maressa,Craze,mcrazee9@t-online.de,Female,19.159.153.108
515,Glori,Pic,gpicea@theatlantic.com,Genderfluid,105.208.203.140
516,Kurt,Causbey,kcausbeyeb@hexun.com,Male,189.38.15.254
517,Emeline,Goodall,egoodallec@vk.com,Female,22.253.30.250
518,Charissa,Whyler,cwhylered@soup.io,Female,72.200.216.31
519,Alberta,Gribble,agribbleee@scribd.com,Female,18.146.151.19
520,Gaultiero,Dumbare,gdumbareef@topsy.com,Male,185.96.230.45
521,Rhona,Tombleson,rtomblesoneg@cam.ac.uk,Female,237.7.61.171
522,Annabelle,Betteridge,abetteridgeeh@example.com,Female,201.105.241.99
523,Casandra,Nannini,cnanniniei@angelfire.com,Female,77.72.114.81
524,Alphonse,Imorts,aimortsej@nhs.uk,Male,177.38.176.42
525,Melitta,Farreil,mfarreilek@princeton.edu,Female,211.39.34.27
526,Tremain,Errichelli,terrichelliel@domainmarket.com,Male,237.124.94.195
527,Kevina,Fetterplace,kfetterplaceem@odnoklassniki.ru,Female,129.188.17.88
528,Kelcie,Coultish,kcoultishen@alexa.com,Bigender,20.85.10.34
529,Renee,O' Loughran,roloughraneo@ftc.gov,Genderqueer,134.159.198.60
530,Amble,Simenot,asimenotep@geocities.com,Male,187.103.186.190
531,Ludvig,Labroue,llabroueeq@liveinternet.ru,Male,189.15.16.48
532,Aeriela,Marushak,amarushaker@webeden.co.uk,Female,153.85.138.28
533,Wendall,Rewcastle,wrewcastlees@state.tx.us,Bigender,219.149.6.240
534,Aprilette,Kovnot,akovnotet@usda.gov,Female,64.29.37.133
535,Efrem,OIlier,eoiliereu@army.mil,Male,195.71.177.230
536,Rollins,Reubel,rreubelev@cornell.edu,Male,25.133.4.170
537,Ediva,Kneal,eknealew@webs.com,Genderqueer,214.27.206.190
538,Gabriella,McInility,gmcinilityex@seattletimes.com,Female,78.31.181.37
539,Greer,Angrave,gangraveey@wp.com,Female,21.178.243.2
540,Meir,Kitchenham,mkitchenhamez@whitehouse.gov,Male,145.124.195.39
541,Phillipe,Pavelka,ppavelkaf0@imgur.com,Male,172.125.149.53
542,Granger,Larmet,glarmetf1@forbes.com,Male,208.91.27.2
543,Camella,Towersey,ctowerseyf2@rambler.ru,Female,243.204.126.220
544,Quint,Ehrat,qehratf3@reuters.com,Non-binary,241.109.150.40
545,Teri,Loomis,tloomisf4@ehow.com,Female,181.173.183.190
546,Ronnica,Moxsom,rmoxsomf5@time.com,Female,49.13.193.102
547,Jacqueline,Ram,jramf6@ebay.co.uk,Female,89.15.182.206
548,Tammie,Dartnall,tdartnallf7@youtu.be,Female,201.101.14.204
549,Leland,Villa,lvillaf8@google.cn,Male,71.108.142.141
550,Emlynne,Prebble,eprebblef9@myspace.com,Female,215.29.22.171
551,Brendis,Ackers,backersfa@liveinternet.ru,Male,107.169.27.76
552,Catherina,Degli Abbati,cdegliabbatifb@plala.or.jp,Female,88.195.236.89
553,Hermann,Lankford,hlankfordfc@biglobe.ne.jp,Male,230.106.147.225
554,Ephrayim,Gravett,egravettfd@desdev.cn,Male,157.49.74.179
555,Page,Ramsier,pramsierfe@csmonitor.com,Male,154.176.41.75
556,Hewe,Willas,hwillasff@friendfeed.com,Male,212.147.239.137
557,Wandie,Stolli,wstollifg@mashable.com,Bigender,105.200.206.18
558,Aaron,Mussolini,amussolinifh@reddit.com,Male,48.146.119.61
559,Randi,Egle of Germany,regleofgermanyfi@joomla.org,Female,56.128.196.169
560,Woody,Raithbie,wraithbiefj@feedburner.com,Genderfluid,210.162.43.88
561,Hamlen,Martijn,hmartijnfk@ucsd.edu,Genderqueer,88.129.68.175
562,Lorettalorna,Abilowitz,labilowitzfl@theatlantic.com,Female,112.13.10.34
563,Olvan,Middler,omiddlerfm@homestead.com,Male,202.3.186.19
564,Bryan,Turl,bturlfn@tinypic.com,Male,78.250.190.10
565,Delainey,Keoghan,dkeoghanfo@xing.com,Male,226.82.65.74
566,Lucienne,Dutteridge,ldutteridgefp@desdev.cn,Female,101.0.137.225
567,Jacquelynn,Stewartson,jstewartsonfq@va.gov,Female,252.16.218.80
568,Lucho,Flaunier,lflaunierfr@rakuten.co.jp,Male,227.116.113.29
569,Charyl,Quillinane,cquillinanefs@tiny.cc,Agender,196.79.238.101
570,Patton,Arnould,parnouldft@infoseek.co.jp,Male,208.30.251.216
571,Elwyn,Jammes,ejammesfu@blogger.com,Male,109.74.144.15
572,Norby,Girhard,ngirhardfv@alexa.com,Male,35.227.1.183
573,Erica,Siemianowicz,esiemianowiczfw@wix.com,Female,54.59.95.166
574,Karissa,Florence,kflorencefx@wix.com,Female,29.209.85.45
575,Barbabas,Tuting,btutingfy@1688.com,Male,202.227.75.52
576,Arnie,Galfour,agalfourfz@hibu.com,Male,190.184.182.118
577,Yule,Basset,ybassetg0@yellowbook.com,Male,34.249.9.155
578,Gilda,Aberkirder,gaberkirderg1@google.de,Female,18.126.64.163
579,Codee,Sawrey,csawreyg2@slashdot.org,Female,3.5.89.212
580,Arabella,Mablestone,amablestoneg3@shinystat.com,Female,86.149.28.87
581,Wes,Pitkeathley,wpitkeathleyg4@businessweek.com,Male,174.58.26.200
582,Franciska,Lahy,flahyg5@hc360.com,Female,133.95.216.101
583,Nicolina,Ronayne,nronayneg6@answers.com,Bigender,144.160.45.5
584,Julio,Thewys,jthewysg7@moonfruit.com,Male,173.165.38.82
585,Roderich,Deem,rdeemg8@google.nl,Male,10.81.157.247
586,Adela,Tremblet,atrembletg9@cisco.com,Female,130.123.61.34
587,Rosanna,Gleaves,rgleavesga@moonfruit.com,Bigender,255.208.15.141
588,Dwight,Boyland,dboylandgb@bloglines.com,Male,199.8.186.3
589,Cristina,Bindley,cbindleygc@aboutads.info,Female,211.143.255.38
590,Welch,Haselwood,whaselwoodgd@hp.com,Male,241.143.48.220
591,Lenard,Silman,lsilmange@theglobeandmail.com,Male,68.185.252.232
592,Murray,Armand,marmandgf@list-manage.com,Male,104.21.109.24
593,Ariel,Riolfo,ariolfogg@com.com,Male,52.221.20.91
594,Georgette,Dolton,gdoltongh@desdev.cn,Non-binary,133.61.171.183
595,Fran,McGrah,fmcgrahgi@cloudflare.com,Male,90.70.235.191
596,Alf,Pilfold,apilfoldgj@devhub.com,Male,1.74.214.26
597,Jessee,Attersoll,jattersollgk@msu.edu,Male,255.81.92.158
598,Kermy,Pantecost,kpantecostgl@dot.gov,Male,226.186.124.29
599,Tom,Colclough,tcolcloughgm@weather.com,Male,72.104.168.116
600,Laurence,Tyght,ltyghtgn@oakley.com,Male,136.25.245.202
601,Ardene,Dowgill,adowgillgo@hubpages.com,Female,224.8.102.48
602,Winnie,Pray,wpraygp@behance.net,Male,194.211.115.170
603,Cleve,O'Shavlan,coshavlangq@newsvine.com,Male,57.86.202.180
604,Ludwig,Fowley,lfowleygr@wordpress.org,Male,128.154.252.32
605,Briant,Marney,bmarneygs@storify.com,Bigender,206.49.86.54
606,Ody,Lugg,olugggt@phpbb.com,Male,4.163.37.28
607,Jerad,Lante,jlantegu@huffingtonpost.com,Male,22.158.255.2
608,Sharleen,Westmacott,swestmacottgv@columbia.edu,Female,91.57.204.151
609,Dareen,Ranyelld,dranyelldgw@craigslist.org,Female,98.222.159.58
610,Ximenes,Shelbourne,xshelbournegx@cmu.edu,Male,61.250.229.160
611,Rycca,Padrick,rpadrickgy@ted.com,Female,170.37.239.127
612,Bunny,Vamplus,bvamplusgz@paginegialle.it,Female,2.36.7.179
613,Nestor,Robiot,nrobioth0@github.com,Male,254.214.68.41
614,Viva,Cornelisse,vcornelisseh1@si.edu,Female,143.194.246.83
615,Ahmad,Lampen,alampenh2@odnoklassniki.ru,Non-binary,134.168.148.238
616,Thane,Bletso,tbletsoh3@cisco.com,Male,228.69.20.177
617,Edna,Wallen,ewallenh4@amazon.de,Polygender,49.32.37.1
618,Dudley,Cheney,dcheneyh5@meetup.com,Male,3.97.164.192
619,Elisabetta,Aspinell,easpinellh6@newyorker.com,Female,222.179.24.219
620,Gian,Rooper,grooperh7@goo.ne.jp,Male,164.231.192.200
621,Shanon,Cheetam,scheetamh8@auda.org.au,Female,128.20.104.170
622,Giorgi,Pinshon,gpinshonh9@ycombinator.com,Male,203.214.104.21
623,Ali,Scattergood,ascattergoodha@tumblr.com,Male,185.206.133.66
624,Morgen,Hriinchenko,mhriinchenkohb@google.com.hk,Male,37.27.20.31
625,Becca,Painswick,bpainswickhc@oaic.gov.au,Female,143.147.212.88
626,Stacey,Haversum,shaversumhd@ihg.com,Female,44.210.29.78
627,Alon,Yaxley,ayaxleyhe@google.co.uk,Male,239.40.175.91
628,Waldemar,Cleare,wclearehf@youtu.be,Non-binary,140.52.105.190
629,Lanae,McCrann,lmccrannhg@pbs.org,Female,114.34.148.34
630,Abelard,Insole,ainsolehh@cmu.edu,Male,242.201.122.157
631,Aeriela,Brinkman,abrinkmanhi@github.io,Female,91.9.92.250
632,Edythe,Fores,eforeshj@umich.edu,Female,194.238.63.201
633,Letti,Wharram,lwharramhk@tumblr.com,Female,206.20.113.212
634,Sally,Zecchi,szecchihl@weibo.com,Female,174.248.247.158
635,Anastasie,Cudd,acuddhm@indiegogo.com,Female,115.228.80.28
636,Galven,Heaford,gheafordhn@tuttocitta.it,Male,120.5.19.69
637,Kimmy,Janout,kjanoutho@un.org,Female,76.46.97.157
638,Danice,Buglar,dbuglarhp@t-online.de,Female,191.250.134.86
639,Collin,Blance,cblancehq@adobe.com,Male,148.40.69.235
640,Perry,Saur,psaurhr@seesaa.net,Female,12.158.148.186
641,Sorcha,Grinsted,sgrinstedhs@msu.edu,Female,227.117.15.70
642,Trina,Gwyllt,tgwylltht@jalbum.net,Female,137.200.214.49
643,Shannon,Chiverton,schivertonhu@bbc.co.uk,Female,54.198.255.178
644,Madalena,Swalwell,mswalwellhv@imageshack.us,Female,11.50.131.46
645,Kial,Jeandet,kjeandethw@163.com,Female,168.201.82.6
646,Rodger,Blackledge,rblackledgehx@simplemachines.org,Male,253.231.146.200
647,Adriano,Sabey,asabeyhy@nbcnews.com,Male,201.179.208.149
648,Barbabra,Wilkisson,bwilkissonhz@goodreads.com,Female,160.103.128.72
649,Caitrin,Bruyns,cbruynsi0@ehow.com,Female,210.55.139.173
650,Joelle,Ruggen,jruggeni1@imdb.com,Female,171.64.101.64
651,Lavinie,Stillert,lstillerti2@bluehost.com,Female,91.242.17.85
652,Leeland,Churchard,lchurchardi3@umn.edu,Male,238.177.226.209
653,Timofei,Baudet,tbaudeti4@jiathis.com,Polygender,100.154.152.230
654,Coletta,Rozalski,crozalskii5@nps.gov,Female,115.22.5.207
655,Valery,Burles,vburlesi6@bravesites.com,Female,121.147.253.133
656,Joshuah,Geall,jgealli7@histats.com,Polygender,140.245.105.158
657,Joshua,Vowels,jvowelsi8@phpbb.com,Male,247.125.153.81
658,Fabio,Willcox,fwillcoxi9@stumbleupon.com,Male,56.20.165.98
659,Bernita,Huggins,bhugginsia@joomla.org,Female,250.170.202.72
660,Claudina,Gamlyn,cgamlynib@bandcamp.com,Female,79.221.154.62
661,Rochella,Petri,rpetriic@arizona.edu,Female,48.174.20.133
662,Debi,Laphorn,dlaphornid@xinhuanet.com,Female,137.111.69.215
663,Veronike,Stolte,vstolteie@tripod.com,Female,30.201.171.183
664,Quintilla,Trebilcock,qtrebilcockif@samsung.com,Female,35.207.125.29
665,Lefty,Tidmarsh,ltidmarshig@jiathis.com,Polygender,13.186.146.104
666,Todd,Cavell,tcavellih@home.pl,Male,108.163.222.242
667,Libbie,Ledgister,lledgisterii@hostgator.com,Female,51.208.26.47
668,Bertrando,Divina,bdivinaij@abc.net.au,Male,202.138.236.117
669,Melli,O'Hallagan,mohallaganik@ycombinator.com,Female,86.182.100.197
670,Jone,Piggot,jpiggotil@php.net,Male,247.236.30.77
671,Tabbie,Benedicto,tbenedictoim@unesco.org,Bigender,67.148.222.139
672,Justino,Romney,jromneyin@vinaora.com,Male,211.133.193.203
673,Jeannette,Keri,jkeriio@nifty.com,Female,213.196.89.83
674,Beauregard,Rumble,brumbleip@moonfruit.com,Non-binary,166.200.116.124
675,Abelard,Romagnosi,aromagnosiiq@arizona.edu,Male,253.98.104.175
676,Sena,McFadden,smcfaddenir@harvard.edu,Female,144.224.122.35
677,Joyce,Steers,jsteersis@clickbank.net,Female,92.236.22.119
678,Nye,Duffie,nduffieit@amazon.co.uk,Male,56.242.247.72
679,Jecho,Dohr,jdohriu@usnews.com,Genderfluid,180.235.27.215
680,Jens,Brader,jbraderiv@foxnews.com,Male,94.19.71.186
681,Beryle,Beazey,bbeazeyiw@storify.com,Female,129.30.85.219
682,Sloane,Delagnes,sdelagnesix@bizjournals.com,Male,157.37.200.198
683,Marvin,Caddens,mcaddensiy@bing.com,Male,161.248.130.202
684,Emanuele,Ebden,eebdeniz@live.com,Male,245.153.193.172
685,Con,Taylerson,ctaylersonj0@unblog.fr,Male,63.252.146.240
686,Goddard,Deniso,gdenisoj1@youtu.be,Male,211.130.108.107
687,Mariska,Mildenhall,mmildenhallj2@hc360.com,Female,154.2.60.93
688,Lorilyn,Poland,lpolandj3@comsenz.com,Female,246.158.69.235
689,Opalina,Iacapucci,oiacapuccij4@themeforest.net,Female,99.215.89.88
690,Tedmund,Manjin,tmanjinj5@netlog.com,Male,30.228.64.4
691,Lenore,Secker,lseckerj6@narod.ru,Female,10.224.90.27
692,Sonnnie,Martino,smartinoj7@google.nl,Female,48.21.11.98
693,Leoine,Deaves,ldeavesj8@imgur.com,Female,190.19.133.151
694,Sim,Howsam,showsamj9@reverbnation.com,Male,201.60.123.177
695,Bennett,Fernihough,bfernihoughja@cnet.com,Genderqueer,192.255.173.193
696,Guthrie,Putterill,gputterilljb@dyndns.org,Male,240.181.132.193
697,Sergeant,Svanetti,ssvanettijc@patch.com,Male,27.210.38.94
698,Marsh,Langman,mlangmanjd@unicef.org,Male,231.55.216.78
699,Ronny,Killbey,rkillbeyje@nature.com,Female,230.19.164.253
700,Franzen,Tripett,ftripettjf@plala.or.jp,Agender,38.145.69.101
701,Meriel,McFee,mmcfeejg@unc.edu,Female,86.180.21.14
702,Forrest,Gradley,fgradleyjh@wikipedia.org,Male,148.184.133.19
703,Hector,Vasishchev,hvasishchevji@businessweek.com,Male,180.197.152.8
704,Josepha,Kraut,jkrautjj@cornell.edu,Female,214.227.88.185
705,Udall,Paris,uparisjk@shutterfly.com,Male,85.82.184.22
706,Llywellyn,Olliffe,lolliffejl@nytimes.com,Male,194.187.235.166
707,Quill,Porter,qporterjm@microsoft.com,Male,28.106.243.150
708,Raymond,Samart,rsamartjn@dailymail.co.uk,Male,162.25.67.2
709,Chrissy,McCole,cmccolejo@theguardian.com,Female,205.254.206.75
710,Cull,Whitney,cwhitneyjp@tripadvisor.com,Male,184.84.60.75
711,Sollie,Pearn,spearnjq@networksolutions.com,Male,43.120.206.28
712,Culver,Welham,cwelhamjr@microsoft.com,Male,40.199.66.233
713,Davy,Clemot,dclemotjs@is.gd,Genderfluid,168.50.193.221
714,Delmar,Sempill,dsempilljt@google.de,Male,244.172.238.52
715,Ingram,Shakelade,ishakeladeju@yellowpages.com,Male,31.210.233.160
716,Kayla,Illidge,killidgejv@buzzfeed.com,Female,229.199.81.217
717,Chery,Filppetti,cfilppettijw@ustream.tv,Female,118.246.80.247
718,Jessalyn,Chansonnau,jchansonnaujx@omniture.com,Female,127.244.214.122
719,Yanaton,Althorp,yalthorpjy@opera.com,Male,38.89.24.223
720,Thibaud,Jellings,tjellingsjz@blog.com,Male,83.97.97.251
721,Barbaraanne,Jacobovitz,bjacobovitzk0@blogs.com,Female,151.190.197.198
722,Aloysius,Pettit,apettitk1@marriott.com,Male,192.84.86.106
723,Haydon,Nutman,hnutmank2@craigslist.org,Male,205.136.58.72
724,Leanora,Beavon,lbeavonk3@amazon.co.uk,Female,240.173.112.237
725,Whitney,Presland,wpreslandk4@addtoany.com,Agender,150.168.132.175
726,Raquel,Steutly,rsteutlyk5@cbc.ca,Female,171.137.203.220
727,Joell,Sinkings,jsinkingsk6@diigo.com,Female,222.95.128.33
728,Shina,Fackrell,sfackrellk7@woothemes.com,Female,53.228.208.182
729,Feodora,Ironmonger,fironmongerk8@example.com,Female,21.181.17.18
730,Mitchel,Blacklidge,mblacklidgek9@a8.net,Male,234.248.141.81
731,Janela,Searchwell,jsearchwellka@marketwatch.com,Female,38.5.62.240
732,Rania,Niche,rnichekb@fotki.com,Female,219.93.131.32
733,Dee,Veregan,dveregankc@sfgate.com,Female,191.199.142.112
734,Elyn,Rozenzweig,erozenzweigkd@netscape.com,Female,145.93.77.175
735,Fay,Ellett,fellettke@naver.com,Female,42.0.102.150
736,Josephine,Merwede,jmerwedekf@dailymail.co.uk,Female,10.250.249.62
737,Gabriella,Vockings,gvockingskg@yale.edu,Female,111.12.190.35
738,Nichole,Samet,nsametkh@addthis.com,Male,203.196.120.7
739,Tallie,Lampel,tlampelki@amazon.co.uk,Male,163.25.92.60
740,Keely,Rigbye,krigbyekj@twitter.com,Female,164.5.95.10
741,Vladamir,Glave,vglavekk@dedecms.com,Male,50.187.128.175
742,Noelyn,Meert,nmeertkl@google.co.uk,Female,147.81.109.242
743,Perrine,Bunning,pbunningkm@techcrunch.com,Female,124.15.131.155
744,Nadiya,Dyshart,ndyshartkn@boston.com,Female,166.31.7.174
745,Debra,Robertis,drobertisko@spotify.com,Female,25.229.202.202
746,Prentice,Isard,pisardkp@arstechnica.com,Male,205.150.145.13
747,Genia,Stitle,gstitlekq@list-manage.com,Female,121.136.172.244
748,Fielding,Allibon,fallibonkr@vkontakte.ru,Male,22.204.210.214
749,Leicester,Thaller,lthallerks@tumblr.com,Male,236.35.7.252
750,Richmound,Muzzini,rmuzzinikt@studiopress.com,Genderfluid,65.6.78.132
751,Peggi,Pheasey,ppheaseyku@parallels.com,Female,162.254.199.114
752,Marijn,Padillo,mpadillokv@themeforest.net,Male,229.113.154.108
753,Ker,Del Checolo,kdelchecolokw@yahoo.com,Male,140.111.169.68
754,Bertrand,Zupo,bzupokx@networkadvertising.org,Male,12.157.251.12
755,Vittoria,Bergstram,vbergstramky@spiegel.de,Female,242.214.152.112
756,Bernie,de Merida,bdemeridakz@tripadvisor.com,Male,110.236.149.249
757,Michele,Reeves,mreevesl0@dedecms.com,Female,24.117.212.117
758,Guillema,Maha,gmahal1@blogtalkradio.com,Female,211.226.136.239
759,Marleen,Stammirs,mstammirsl2@wikia.com,Female,215.46.237.39
760,Amalie,Hardbattle,ahardbattlel3@miibeian.gov.cn,Female,248.149.67.247
761,Jorry,Cattemull,jcattemulll4@cdbaby.com,Female,3.139.182.206
762,Evangelin,Garms,egarmsl5@usda.gov,Female,90.243.126.88
763,Lethia,Greetland,lgreetlandl6@nytimes.com,Female,245.155.90.17
764,Auria,Shrubsall,ashrubsalll7@deliciousdays.com,Female,80.195.206.214
765,Silvan,Tanman,stanmanl8@squarespace.com,Male,207.180.132.31
766,Findley,Down,fdownl9@google.cn,Male,53.143.73.158
767,Sibelle,Axelby,saxelbyla@businessweek.com,Female,202.228.121.252
768,Laney,Gallyhaock,lgallyhaocklb@cocolog-nifty.com,Male,99.126.253.118
769,Gilberte,Wortman,gwortmanlc@alexa.com,Female,30.131.191.78
770,Nickey,Budding,nbuddingld@mtv.com,Male,48.142.169.215
771,Doreen,Puleque,dpulequele@github.io,Female,66.253.160.85
772,Tori,Bezemer,tbezemerlf@mail.ru,Female,142.74.41.226
773,Flinn,Heeran,fheeranlg@pbs.org,Male,247.121.221.63
774,Magda,Vassar,mvassarlh@cyberchimps.com,Female,216.218.252.103
775,Amandy,Muirden,amuirdenli@bloglovin.com,Female,71.221.22.186
776,Cordie,Tull,ctulllj@photobucket.com,Female,133.34.109.66
777,Antin,Stockey,astockeylk@blogspot.com,Male,110.31.107.211
778,Leonid,Dyball,ldyballll@dailymotion.com,Male,85.56.21.192
779,Bengt,Strathearn,bstrathearnlm@ocn.ne.jp,Male,153.53.223.176
780,Elihu,Bunn,ebunnln@symantec.com,Male,4.159.162.162
781,Brigitta,Di Giacomettino,bdigiacomettinolo@geocities.jp,Female,140.14.82.63
782,Rourke,Georgeot,rgeorgeotlp@hp.com,Male,191.50.60.253
783,Ransell,Jackett,rjackettlq@adobe.com,Male,243.46.217.215
784,Steffie,Swatradge,sswatradgelr@time.com,Female,84.147.16.145
785,Terrye,Kinsman,tkinsmanls@alexa.com,Female,128.140.254.59
786,Drugi,Sally,dsallylt@msu.edu,Male,255.180.192.6
787,Kessiah,Baskeyfied,kbaskeyfiedlu@skyrock.com,Female,181.98.13.0
788,Pearla,Luckey,pluckeylv@tiny.cc,Female,32.192.235.121
789,Jewell,Spittles,jspittleslw@amazonaws.com,Female,254.207.66.200
790,Maisie,Doggett,mdoggettlx@csmonitor.com,Female,144.208.232.13
791,Steward,Kingsnod,skingsnodly@drupal.org,Male,73.143.69.142
792,Reynolds,Danelet,rdaneletlz@nps.gov,Male,241.161.185.171
793,Brantley,Coulton,bcoultonm0@exblog.jp,Male,141.172.129.229
794,Vite,Spirit,vspiritm1@networksolutions.com,Male,245.199.192.42
795,Delphine,Le febre,dlefebrem2@pagesperso-orange.fr,Female,96.77.38.208
796,Beniamino,Furmage,bfurmagem3@wsj.com,Male,141.115.201.85
797,Junette,Scutcheon,jscutcheonm4@shutterfly.com,Female,139.6.178.184
798,Dorelia,Cauldwell,dcauldwellm5@slate.com,Female,24.73.140.91
799,Dorthy,Oubridge,doubridgem6@un.org,Female,31.102.27.246
800,Gloriane,Marl,gmarlm7@squidoo.com,Female,142.57.51.18
801,Kiele,Carloni,kcarlonim8@purevolume.com,Female,94.30.140.206
802,Wainwright,Lisimore,wlisimorem9@so-net.ne.jp,Male,114.45.187.85
803,Merv,Rothchild,mrothchildma@cbc.ca,Male,147.143.12.189
804,Berny,Diament,bdiamentmb@sourceforge.net,Female,182.251.169.233
805,Gwendolen,Absolom,gabsolommc@intel.com,Female,48.49.143.174
806,Burlie,Springtorpe,bspringtorpemd@latimes.com,Male,120.237.133.136
807,Elliot,Gleadle,egleadleme@lulu.com,Male,63.128.159.102
808,Tirrell,Strettell,tstrettellmf@squarespace.com,Non-binary,34.242.190.203
809,Kinny,Pughsley,kpughsleymg@netscape.com,Male,161.158.19.198
810,Uri,Rodgerson,urodgersonmh@nytimes.com,Male,132.2.8.12
811,Dimitry,McCleverty,dmcclevertymi@technorati.com,Male,74.89.44.10
812,Hirsch,Larrington,hlarringtonmj@technorati.com,Male,12.153.15.134
813,Selie,Ponten,spontenmk@upenn.edu,Female,248.31.242.63
814,Marti,Rawlence,mrawlenceml@tinyurl.com,Female,79.179.128.196
815,Laurianne,Chisholm,lchisholmmm@craigslist.org,Female,204.206.13.197
816,Seamus,Tomanek,stomanekmn@instagram.com,Male,161.189.40.249
817,Bendicty,Dykas,bdykasmo@soup.io,Male,210.95.183.235
818,Benny,Kettlestringes,bkettlestringesmp@sbwire.com,Male,214.115.239.101
819,Hailee,Banghe,hbanghemq@army.mil,Female,58.179.149.162
820,Bria,Spieght,bspieghtmr@fastcompany.com,Female,6.206.131.113
821,Murial,Bradburn,mbradburnms@yale.edu,Female,5.31.244.109
822,Mathilda,Laybourn,mlaybournmt@cam.ac.uk,Female,161.13.93.71
823,Derrik,Ginglell,dginglellmu@netvibes.com,Male,80.53.178.191
824,Tremain,Wolford,twolfordmv@twitter.com,Male,252.181.85.212
825,Sidoney,Schrinel,sschrinelmw@chronoengine.com,Female,224.29.184.58
826,Bev,Sidon,bsidonmx@princeton.edu,Bigender,134.48.240.71
827,Dannye,McNeilly,dmcneillymy@ox.ac.uk,Non-binary,143.123.143.8
828,Alard,Zecchinelli,azecchinellimz@foxnews.com,Male,220.55.241.210
829,Vergil,Gaukrodge,vgaukrodgen0@xinhuanet.com,Genderfluid,80.134.234.114
830,Fredia,Lettley,flettleyn1@networkadvertising.org,Female,162.138.213.105
831,Jozef,Stirton,jstirtonn2@ibm.com,Male,88.124.133.213
832,Vincenz,Braunstein,vbraunsteinn3@theatlantic.com,Male,143.219.246.118
833,Kaleb,Barthropp,kbarthroppn4@sciencedirect.com,Male,100.86.67.90
834,Obie,Penhaleurack,openhaleurackn5@who.int,Non-binary,31.244.209.211
835,Paulina,Knibley,pknibleyn6@sciencedirect.com,Female,7.75.205.25
836,Deeyn,Meas,dmeasn7@cam.ac.uk,Female,192.53.46.217
837,Siusan,O'Regan,soregann8@gravatar.com,Female,115.228.13.67
838,Mandy,Thomann,mthomannn9@google.com.br,Female,210.197.10.40
839,Robina,Godman,rgodmanna@smugmug.com,Female,34.113.93.124
840,Binky,Carlin,bcarlinnb@alexa.com,Male,199.38.44.90
841,Constance,Andersen,candersennc@123-reg.co.uk,Female,197.198.89.120
842,Adham,Scroyton,ascroytonnd@hp.com,Male,253.74.172.62
843,Audre,Stappard,astappardne@adobe.com,Female,234.32.76.245
844,Alfredo,Toomey,atoomeynf@state.tx.us,Male,12.102.123.7
845,Cristionna,Balharry,cbalharryng@sun.com,Genderqueer,193.217.37.90
846,Hamish,Hyman,hhymannh@nih.gov,Male,215.34.46.108
847,Sibelle,Tolliday,stollidayni@youtube.com,Female,34.103.105.93
848,Gauthier,O'Collopy,gocollopynj@wufoo.com,Male,202.68.140.0
849,Ludovika,Hitter,lhitternk@booking.com,Female,189.177.175.189
850,Marsh,Sprules,msprulesnl@usda.gov,Male,236.79.93.185
851,Sharai,Casford,scasfordnm@goo.gl,Female,163.140.52.112
852,Othilie,Standish,ostandishnn@cbc.ca,Female,142.183.48.169
853,Wendel,Pooly,wpoolyno@slate.com,Male,80.68.84.161
854,Benny,Cardoo,bcardoonp@dedecms.com,Female,81.106.145.231
855,Ranna,Proudley,rproudleynq@nymag.com,Female,202.213.88.126
856,Dane,Letterick,dlettericknr@addtoany.com,Male,139.112.88.138
857,Tedd,Thomel,tthomelns@jugem.jp,Male,251.219.124.249
858,Claudio,Serotsky,cserotskynt@admin.ch,Male,163.241.142.194
859,Fredrika,Velasquez,fvelasqueznu@wikispaces.com,Female,70.64.66.246
860,Patrice,Bees,pbeesnv@businesswire.com,Male,255.69.10.193
861,Carlen,Shilstone,cshilstonenw@accuweather.com,Female,177.244.211.40
862,Olympie,Rewcassell,orewcassellnx@statcounter.com,Female,76.193.7.207
863,Leonhard,Kinnock,lkinnockny@weibo.com,Male,53.71.48.102
864,Webb,Loddon,wloddonnz@gravatar.com,Male,82.4.22.173
865,Cherrita,Gauvin,cgauvino0@networksolutions.com,Female,228.45.17.180
866,Eachelle,Vasilov,evasilovo1@studiopress.com,Genderqueer,127.185.114.61
867,Winn,Garrattley,wgarrattleyo2@toplist.cz,Male,163.173.139.181
868,Ignacio,Joire,ijoireo3@dagondesign.com,Male,238.244.232.127
869,Agnola,Oldfield-Cherry,aoldfieldcherryo4@vistaprint.com,Female,90.248.108.154
870,Trudie,Passe,tpasseo5@adobe.com,Female,88.117.62.224
871,Gretel,Grieveson,ggrievesono6@over-blog.com,Female,150.106.225.56
872,Ermina,Dumblton,edumbltono7@hao123.com,Female,152.233.250.212
873,Kevon,Hurworth,khurwortho8@nsw.gov.au,Male,249.245.194.24
874,Selia,Fumagall,sfumagallo9@sakura.ne.jp,Female,58.55.238.128
875,Karlotte,Bolf,kbolfoa@mit.edu,Female,229.20.186.62
876,Zeke,Terzza,zterzzaob@howstuffworks.com,Male,219.76.10.119
877,Junia,Kilgannon,jkilgannonoc@twitpic.com,Female,69.203.21.180
878,Marcos,Ubsdall,mubsdallod@jiathis.com,Male,162.9.5.234
879,Drucy,Bauckham,dbauckhamoe@facebook.com,Female,124.129.56.137
880,Nickolas,Fardoe,nfardoeof@umich.edu,Male,208.49.45.109
881,Austine,Bruhnicke,abruhnickeog@dell.com,Female,211.122.184.97
882,Wilden,Doulden,wdouldenoh@go.com,Male,22.227.202.147
883,Kellie,Mapowder,kmapowderoi@printfriendly.com,Female,29.170.38.114
884,Pablo,Bohlje,pbohljeoj@google.co.jp,Male,88.226.73.168
885,Caryl,Kassman,ckassmanok@npr.org,Genderqueer,38.87.246.19
886,Colan,Wasylkiewicz,cwasylkiewiczol@dailymail.co.uk,Male,11.8.186.195
887,Virginie,Winchurch,vwinchurchom@dot.gov,Female,198.140.203.87
888,Leonanie,Doogood,ldoogoodon@unesco.org,Female,184.116.139.242
889,Brynn,Scarsbrooke,bscarsbrookeoo@photobucket.com,Female,173.180.90.50
890,Marthena,Fulton,mfultonop@yolasite.com,Bigender,210.105.30.181
891,Clay,Chessell,cchesselloq@admin.ch,Male,170.71.153.253
892,Raye,Sotham,rsothamor@storify.com,Female,136.86.159.190
893,Daisey,Warren,dwarrenos@linkedin.com,Female,87.65.100.66
894,Flor,Robrow,frobrowot@upenn.edu,Female,98.127.56.226
895,Felicity,Crippell,fcrippellou@shutterfly.com,Female,150.145.246.22
896,Adelbert,Clynman,aclynmanov@51.la,Male,59.247.64.82
897,Catie,Gillespey,cgillespeyow@skype.com,Agender,213.91.126.152
898,Olin,Blinerman,oblinermanox@alibaba.com,Male,93.83.86.177
899,Demetrius,Hassent,dhassentoy@merriam-webster.com,Male,151.174.231.88
900,Dulcy,Gentle,dgentleoz@newyorker.com,Female,60.101.206.11
901,Alexandros,Siderfin,asiderfinp0@joomla.org,Male,244.90.229.234
902,Neal,Emmatt,nemmattp1@plala.or.jp,Male,15.139.200.62
903,Odey,Rutland,orutlandp2@reuters.com,Male,147.239.115.171
904,Sutherlan,Tootell,stootellp3@blogspot.com,Male,1.131.62.75
905,Reinaldo,Maskelyne,rmaskelynep4@yelp.com,Male,38.70.204.109
906,Shep,Sijmons,ssijmonsp5@hp.com,Genderfluid,186.251.83.218
907,Cherilyn,Stoll,cstollp6@eventbrite.com,Female,47.27.47.179
908,Beverly,Ottosen,bottosenp7@mysql.com,Female,184.50.170.208
909,Kariotta,Carrett,kcarrettp8@dyndns.org,Polygender,174.173.62.212
910,Lelah,Redsell,lredsellp9@mashable.com,Female,151.132.225.124
911,Theodosia,Cleghorn,tcleghornpa@cam.ac.uk,Female,28.4.40.174
912,Missy,Matschke,mmatschkepb@state.tx.us,Non-binary,219.193.106.163
913,Norry,Astley,nastleypc@usatoday.com,Male,193.68.132.134
914,Torre,Kinsley,tkinsleypd@reverbnation.com,Male,218.209.150.228
915,Nichols,Booy,nbooype@nba.com,Male,209.10.156.4
916,Bil,Raynor,braynorpf@comsenz.com,Male,189.141.222.121
917,Shelia,Blackie,sblackiepg@goo.gl,Female,212.157.21.128
918,Hollie,Whitrod,hwhitrodph@apple.com,Female,166.46.99.244
919,Edyth,Howerd,ehowerdpi@amazon.co.uk,Female,229.149.37.209
920,Boy,Hadigate,bhadigatepj@sohu.com,Male,102.104.168.181
921,Evin,Prescot,eprescotpk@hubpages.com,Male,29.160.48.64
922,Gasparo,Cristofari,gcristofaripl@constantcontact.com,Male,125.130.143.89
923,Alon,Frankum,afrankumpm@slideshare.net,Male,116.188.113.30
924,Christye,Rabbatts,crabbattspn@sourceforge.net,Female,93.30.230.200
925,Bradly,Childerley,bchilderleypo@netlog.com,Male,43.150.79.5
926,Nicky,Heineke,nheinekepp@fc2.com,Female,238.10.188.255
927,Oren,MacIlory,omacilorypq@answers.com,Male,111.163.176.57
928,Ennis,Gretham,egrethampr@booking.com,Male,194.114.104.197
929,Cassandry,Willowby,cwillowbyps@blog.com,Female,250.84.236.177
930,Phyllys,Whitehurst,pwhitehurstpt@dyndns.org,Female,230.148.17.244
931,Kerianne,Rentilll,krentilllpu@shinystat.com,Female,5.250.141.174
932,Tome,Terese,tteresepv@wiley.com,Male,86.98.1.67
933,Bryna,Dennert,bdennertpw@chicagotribune.com,Female,166.57.37.84
934,Nickie,Cain,ncainpx@rediff.com,Female,78.15.79.84
935,Dallon,Bonnavant,dbonnavantpy@rediff.com,Male,236.49.54.203
936,Ashley,Copner,acopnerpz@springer.com,Male,147.23.12.195
937,Haley,Matschke,hmatschkeq0@paginegialle.it,Female,3.155.126.83
938,Sancho,Canty,scantyq1@macromedia.com,Male,161.104.247.86
939,Tasha,Adshad,tadshadq2@edublogs.org,Female,160.17.147.248
940,Noelani,Pochin,npochinq3@geocities.jp,Female,12.201.49.78
941,Delinda,Wharton,dwhartonq4@ning.com,Female,243.155.37.156
942,Wilhelm,Mensler,wmenslerq5@kickstarter.com,Male,20.77.67.250
943,Nani,Croal,ncroalq6@odnoklassniki.ru,Female,165.114.215.18
944,Candra,Churchyard,cchurchyardq7@tinyurl.com,Female,33.175.117.135
945,Irwin,Dunstan,idunstanq8@slideshare.net,Male,190.173.158.141
946,Schuyler,Whittenbury,swhittenburyq9@craigslist.org,Male,113.153.7.85
947,Eduard,Byrnes,ebyrnesqa@360.cn,Male,32.134.249.27
948,Kitti,Murrigan,kmurriganqb@auda.org.au,Female,94.229.176.116
949,Kirby,Petrasso,kpetrassoqc@themeforest.net,Female,125.151.132.64
950,Barb,Measom,bmeasomqd@yellowbook.com,Female,40.180.248.91
951,Stearn,Monini,smoniniqe@dion.ne.jp,Male,148.85.63.53
952,Dollie,Tumulty,dtumultyqf@woothemes.com,Female,47.85.171.242
953,Caesar,Grass,cgrassqg@networksolutions.com,Male,117.131.183.107
954,Elaina,Stedall,estedallqh@hubpages.com,Female,232.40.121.119
955,Gaylor,Cogan,gcoganqi@mit.edu,Male,31.21.20.81
956,Chastity,Tocque,ctocqueqj@state.gov,Female,71.161.71.114
957,Tabby,Kimmince,tkimminceqk@tiny.cc,Male,139.51.183.54
958,Jayne,Paty,jpatyql@admin.ch,Female,183.12.223.102
959,Bridgette,Itzhak,bitzhakqm@discuz.net,Female,59.38.215.191
960,Keriann,Zanuciolii,kzanucioliiqn@alibaba.com,Female,104.36.180.184
961,Ferrell,Cotton,fcottonqo@github.io,Male,16.4.45.24
962,Sibyl,Nials,snialsqp@webeden.co.uk,Male,226.201.244.25
963,Rudolfo,De Benedetti,rdebenedettiqq@sciencedirect.com,Male,49.238.15.205
964,Nani,Bisiker,nbisikerqr@webnode.com,Bigender,31.51.200.169
965,Kristofor,Dockwra,kdockwraqs@deviantart.com,Male,61.112.234.136
966,Timmy,Wogdon,twogdonqt@ebay.co.uk,Polygender,246.126.157.112
967,Hank,Marchington,hmarchingtonqu@sun.com,Male,51.99.108.127
968,Casar,Brombell,cbrombellqv@bravesites.com,Male,218.126.245.24
969,Dunstan,Fazzioli,dfazzioliqw@ucoz.com,Male,252.202.16.228
970,Davy,Spensly,dspenslyqx@sciencedirect.com,Non-binary,6.213.189.221
971,King,Eilhermann,keilhermannqy@tripod.com,Male,153.166.71.209
972,Sherrie,Drewes,sdrewesqz@independent.co.uk,Female,42.53.19.52
973,Derward,Boldecke,dboldecker0@list-manage.com,Bigender,140.41.53.32
974,Siana,Marron,smarronr1@scribd.com,Female,30.195.237.236
975,Kati,Byart,kbyartr2@baidu.com,Female,130.241.47.108
976,Pavel,Sewards,psewardsr3@psu.edu,Male,3.127.144.158
977,Wilona,Wortman,wwortmanr4@webs.com,Female,23.85.125.28
978,Merle,Edington,medingtonr5@t-online.de,Male,124.143.253.253
979,Garrot,Moreland,gmorelandr6@prweb.com,Male,228.201.10.195
980,Kimmie,Lawn,klawnr7@t.co,Female,15.33.216.119
981,Jarrad,Doreward,jdorewardr8@yelp.com,Male,123.136.168.167
982,Benny,Sleaford,bsleafordr9@utexas.edu,Female,63.176.172.5
983,Guido,Curgenuer,gcurgenuerra@home.pl,Male,140.106.214.88
984,Cicily,Arstingall,carstingallrb@reverbnation.com,Female,174.37.191.206
985,Lura,Farthing,lfarthingrc@slate.com,Female,248.154.36.104
986,Linnie,Cheevers,lcheeversrd@statcounter.com,Female,153.36.129.27
987,Talya,Knewstubb,tknewstubbre@freewebs.com,Female,131.32.2.231
988,Marena,Grain,mgrainrf@discuz.net,Female,4.7.1.234
989,Evelina,Odell,eodellrg@youtu.be,Female,57.157.128.40
990,Murielle,Birtonshaw,mbirtonshawrh@quantcast.com,Female,119.99.114.148
991,Dallas,de Leon,ddeleonri@xinhuanet.com,Male,53.97.242.113
992,Issiah,McSkin,imcskinrj@example.com,Male,215.212.135.70
993,Rhys,Kirdsch,rkirdschrk@cbc.ca,Male,132.31.176.48
994,Rozalin,Yesipov,ryesipovrl@behance.net,Female,183.101.5.143
995,Tanya,Creasey,tcreaseyrm@addthis.com,Female,73.196.111.32
996,Barry,Grossman,bgrossmanrn@hubpages.com,Male,146.239.22.191
997,Russ,Clausen,rclausenro@chicagotribune.com,Male,65.23.72.208
998,Benny,Winser,bwinserrp@flickr.com,Polygender,225.138.14.233
999,Dana,Meltetal,dmeltetalrq@narod.ru,Male,181.49.54.140
1000,Norry,Gallyon,ngallyonrr@shinystat.com,Female,80.157.135.78
